from_uname,from_mid,to_uname,to_mid
科比布莱恩-已复活,1366500807,嶱肸鸔瀨峎蟘,675620091
AsfaTens,34979720,wbgtheahyreal,439373314
丿灵丨渊丶,393921490,还说书吗,431434617
--六个硬币----,371634674,洞里的熋,75791891
Player_IV,1660255579,江本行界,122919303
山本-梅鸡,2026509272,谢里夫v,1823942827
黑夜一般的眼睛,88051782,寞汁,321467658
快乐挖地机,331823212,彼夜,130063
羌笛吹落梅-_-,294378030,清醒一整天啊,55971855
fortbri,84976546,彩虹素描kke,573574
撒哈拉大草原,2199481,我有抑郁症别骂我Oo,25840198
脑壳抽风练小拿,3537113450548093,樱梅慧子,1827552236
窝是一条小青龍,516606655,叫我拾一就好了,286737337
吴孙茹,697354196,okuyi_苏雪,2053308312
吴孙茹,697354196,okuyi_苏雪,2053308312
文艺的液喵籽,477506251,南冥銀依,39795051
暗爪不需要朋友,13945674,伯雅柠,21331856
暗爪不需要朋友,13945674,伯雅柠,21331856
灿如晨曦,54362573,在下预言君,11167393
练习时长三十月的acxj,417517840,灿如晨曦,54362573
我爱吃天使土豆片,21644269,山顶上的观鸟者,44686185
尾上世莉架serika,444550,电光超人ffu,1170045654
电光超人ffu,1170045654,尾上世莉架serika,444550
文艺的液喵籽,477506251,webdog,44974099
我有不少硬币,24995801,这里是夹头大本营,33267794
Fatal飞雪,572375,夷羿伐之,177690627
Genshin夜深了,90347835,冰歌想dn的m,391701528
一只银离鹅,625189100,月贝凡2号,399387091
酷酷克,30741749,JoshuaLeo,105649627
JoshuaLeo,105649627,酷酷克,30741749
kingsley小翼,3552381,驽马4S,504911660
Feb凉子,116133672,一只猫猫头鹰,1801118646
另一个故事璀璨的星河,34724791,叮当响的叮当猫,32267993
游客有账号了,2017593399,Condor01,109155918
Condor01,109155918,游客有账号了,2017593399
游客有账号了,2017593399,Condor01,109155918
麦克阿瑟-五星天皇,76326983,Es_Q_,294885938
共享智能腹股沟,75559000,我有抑郁症别骂我Oo,25840198
毁灭坦克SG-11,170854930,先辈sukisu,3546566533057234
たかなし一りっか,343893794,二十三煜,3493123843950749
拉瓦锡的拉锡,1734951948,二十三煜,3493123843950749
是西瓜湾呀,634025861,红叶天妇罗,1749942
我的心里中了一箭,13176109,只是_朱颜改,3493293467896406
我是ni跌o,1750482340,zeronwo,38539286
vivivivirginia_x,247212419,zeronwo,38539286
okuyi_苏雪,2053308312,肖何official,167457336
七夜下勇太,5766563,lzMeguyu,310126456
冬日限定罗丝钉,260176537,即为完美容器,361645591
一条失去梦想的小土狗,397880569,骡子拿出来溜,46022162
阿汤螺,180155748,炼气期小辈,18890989
龟田梅次郎-哟西,286227841,炼气期小辈,18890989
瑶情歌,388810778,佛罗里达融巧人,1430645185
liuchenhaoooooo,350039203,76号行政处处长,71605991
科比布莱恩-已复活,1366500807,嶱肸鸔瀨峎蟘,675620091
AsfaTens,34979720,wbgtheahyreal,439373314
丿灵丨渊丶,393921490,还说书吗,431434617
--六个硬币----,371634674,洞里的熋,75791891
山本-梅鸡,2026509272,谢里夫v,1823942827
Player_IV,1660255579,江本行界,122919303
羌笛吹落梅-_-,294378030,清醒一整天啊,55971855
fortbri,84976546,彩虹素描kke,573574
撒哈拉大草原,2199481,我有抑郁症别骂我Oo,25840198
谢谢你黑鼠,3537113450548093,樱梅慧子,1827552236
窝是一条小青龍,516606655,叫我拾一就好了,286737337
HGLYQQ,435913655,叫我拾一就好了,286737337
吴孙茹,697354196,okuyi_苏雪,2053308312
吴孙茹,697354196,okuyi_苏雪,2053308312
文艺的液喵籽,477506251,南冥銀依,39795051
灿如晨曦,54362573,在下预言君,11167393
练习时长三十月的acxj,417517840,灿如晨曦,54362573
暗爪不需要朋友,13945674,伯雅柠,21331856
暗爪不需要朋友,13945674,伯雅柠,21331856
我爱吃天使土豆片,21644269,山顶上的观鸟者,44686185
尾上世莉架serika,444550,电光超人ffu,1170045654
电光超人ffu,1170045654,尾上世莉架serika,444550
Fatal飞雪,572375,夷羿伐之,177690627
文艺的液喵籽,477506251,webdog,44974099
我有不少硬币,24995801,这里是夹头大本营,33267794
Genshin夜深了,90347835,冰歌想dn的m,391701528
一只银离鹅,625189100,月贝凡2号,399387091
酷酷克,30741749,JoshuaLeo,105649627
JoshuaLeo,105649627,酷酷克,30741749
kingsley小翼,3552381,驽马4S,504911660
毁灭坦克SG-11,170854930,先辈sukisu,3546566533057234
Feb凉子,116133672,一只猫猫头鹰,1801118646
无作闲人,10419455,阳光黑无常,1254336440
另一个故事璀璨的星河,34724791,叮当响的叮当猫,32267993
麦克阿瑟-五星天皇,76326983,Es_Q_,294885938
たかなし一りっか,343893794,二十三煜,3493123843950749
拉瓦锡的拉锡,1734951948,二十三煜,3493123843950749
共享智能腹股沟,75559000,我有抑郁症别骂我Oo,25840198
是西瓜湾呀,634025861,红叶天妇罗,1749942
我的心里中了一箭,13176109,只是_朱颜改,3493293467896406
我是ni跌o,1750482340,zeronwo,38539286
vivivivirginia_x,247212419,zeronwo,38539286
okuyi_苏雪,2053308312,肖何official,167457336
七夜下勇太,5766563,lzMeguyu,310126456
一条失去梦想的小土狗,397880569,骡子拿出来溜,46022162
冬日限定罗丝钉,260176537,即为完美容器,361645591
阿汤螺,180155748,炼气期小辈,18890989
龟田梅次郎-哟西,286227841,炼气期小辈,18890989
瑶情歌,388810778,佛罗里达融巧人,1430645185
蘤怸鹽,1430609661,吼姆拉猫猫,3493260389517752
liuchenhaoooooo,350039203,76号行政处处长,71605991
宇宙鑫xyz,1714044166,晓晓猪不跑,359758343
身上达到,350693429,非洲米粉,329403279
吃不吃洋葱,431216446,グオ羽生,498069711
皇上你也敢抓,476222558,智能牌腹股沟,422396322
切尔西永远是冠军,1040165964,小丫小泉哥,259383216
远离祝生罢,1846965220,十里坡剑侠客,687597064
库库林白夜丶,5810214,Sxxx_yy,544452667
died-秋叶,480158695,九尺二间zz,1260720803
玉目连珠,1609191711,Chers_amis,433742392
若无梦丶碎痕,694098101,Chers_amis,433742392
桃樱千里,381884162,igc123321,423534375
不抽象达芬奇,471270578,喵懿喵,39397534
辰悠哈,3493129529329785,会说话的猫mao,38118357
十二O-O,16374060,不说蟹蟹,1712780243
不-是-涩-批,282861523,叫我茶茶好了,291510099
芝士两个玩家,608480167,寒羽雪夜,376059282
洛杉矶究极风暴,348023254,鸳鸯锦被翻红浪,375249160
sevvhfd,359108858,Director_K,471621032
机智的小森森,17816705,玛了巴子的小袄推车,487538036
圣诞jfggregbr,91799068,果断之张伯端下1,3494375529121861
卝轻语,17314754,是博博不是勃勃,1952241476
是博博不是勃勃,1952241476,卝轻语,17314754
bili_63730833305,2102459766,wait7冰,346656698
假面骑士demons,522275135,太爆莉了,3537105223420425
楼台恍似游仙梦,3546559411129275,这个殇就是逊,525654062
丰收的阿秋,1906760343,这个殇就是逊,525654062
这个殇就是逊,525654062,丰收的阿秋,1906760343
嬉瓜皮士饭得膘,479215339,反恐精英Misaka,548419322
何人晓我来,3493084551711451,反恐精英Misaka,548419322
小宣布的,486319046,沉默中沉没,702124235
红梅正开时,1111165115,芒草枯,2042888117
萌城枫尘lemon,382182488,是影落呐,1421947295
是影落呐,1421947295,萌城枫尘lemon,382182488
bili7852396541,19948209,崩崩小圆帽00,432196999
布达Alex,432306491,白白fcc,1343328121
脑袋空空叫什么捏,1820806421,地很堵我懒读碟,358363568
是我GioGio辣,406468189,王者杨无极,3461564761901413
念茶思飘香,284233821,下北泽网络男神呀呀呀,3493260018322169
Mr_Break-Off,1925249610,圣三一第一偶像未花,636429544
圣三一第一偶像未花,636429544,先辈sukisu,3546566533057234
巡海游侠㷧,3461580471667012,烤钰米水煮杨,521225099
烤钰米水煮杨,521225099,巡海游侠㷧,3461580471667012
bob052808,252236609,滑稽大战狗头,2024059519
滑稽大战狗头,2024059519,bob052808,252236609
风与花之片,11837858,天开神秀灬,62345215
所以为什么猫会下蛋,450141516,矩顶科技,476152657
中国分萨,1754858517,田教授,476921402
不想再说话了9敏,3537109159774506,汝汝不动_,439287725
汝汝不动_,439287725,不想再说话了9敏,3537109159774506
风哨子人帅不狗,11239023,泫煞,1709223578
灣歸,1063612665,风晴_Haru,3546575026522575
风晴_Haru,3546575026522575,灣歸,1063612665
l何为人了l,441758684,加碘食用盐la,347070465
加碘食用盐la,347070465,加碘食用盐la,347070465
加碘食用盐la,347070465,l何为人了l,441758684
我们都是好捧友,3494352663874452,欧门omen_,348746705
卖药翁,1838175144,妙啊秒啊,390286792
火火木星,11883093,嘿咻嘿咻芜湖,1382387641
守乐长吉,382611389,吖吖很开心i,1531333881
上仙故雪,3546613393918729,死宅怎么会有女朋友啊,495727873
死宅怎么会有女朋友啊,495727873,上仙故雪,3546613393918729
上仙故雪,3546613393918729,死宅怎么会有女朋友啊,495727873
今原香丶衣璃,41865725,上仙故雪,3546613393918729
--天枢贪狼--,505441429,这里是你的轩轩,106610970
蛇皮同学,99264674,kvovr,689522225
超级无敌陀螺王,326744858,蛇皮同学,99264674
超级无敌陀螺王,326744858,稀音厨一枚,1661639502
David薄荷巧克力,7991242,Sunday是只喵,3493113221875858
中国分萨,1754858517,CCCP_1922,1623678025
末路盎然,205918923,你也没有当真,315506311
改名居然需要6个硬币,446208328,你也没有当真,315506311
化纱成雾,1057786564,风弥华,3537116573206545
S風夏清空,178176163,bili_99200378594,690521325
京耶vivo50,517361161,bili_99200378594,690521325
失眠的幻墨布,67996765,B站带诗人琪琪,28131725
B站带诗人琪琪,28131725,失眠的幻墨布,67996765
失眠的幻墨布,67996765,B站带诗人琪琪,28131725
芦笋炒肉,1632640058,我不改了还我硬币,363567199
西璟-,670373460,笑叹万事转头空,472169903
逃避之神_,1169416806,小绵羊nnnnn,216971825
琉璃御米子,265952921,是hanson吗,37444760
琉璃御米子,265952921,是hanson吗,37444760
1-OW-1,483244494,丢丢_丢手绢,523283115
仔仔の高达爸比,4875807,被亵渎的灵魂,593671371
怀着梦想的打工人,370469626,人类的嘴角,291146350
棪朗,611197277,五条悟脑婆,694391143
鲨鱼与狮子,244898005,咄咄怪事,34549249
咄咄怪事,34549249,鲨鱼与狮子,244898005
德尔球,1495244402,滑稽的洲白君xs,524311731
滑稽的洲白君xs,524311731,德尔球,1495244402
别甜蜜给我推广告了,77450047,墨十三3,6344928
灯芯-FYZX,1144105801,立志成为社恐的社恐,3494372676995467
辣粉和五斤,40072493,MX276_zhzh,38602857
鹤羽白燕,408653795,烛油no2,89619308
萤渊_梦梦米,315235317,久安想娶三玖,1905023596
萤渊_梦梦米,315235317,久安想娶三玖,1905023596
海克斯巴鲁,96637278,温酒Ron,74827607
墨飞城雪,1273441038,温酒Ron,74827607
剑气萧萧情脉脉,46066246,温酒Ron,74827607
田教授,476921402,是猛牛喔,536505101
是猛牛喔,536505101,田教授,476921402
ci绡,483770952,普里戈烬,3493086174906958
普里戈烬,3493086174906958,ci绡,483770952
dKGXT,1773559073,香蕉皮机构,290894089
香蕉皮机构,290894089,去木星旅行,386348453
去木星旅行,386348453,香蕉皮机构,290894089
怂上木格,1861905913,超赛布罗利全力,3546577075439662
杰基尔KOP,91428546,先辈sukisu,3546566533057234
咄咄怪事,34549249,散华礼弥啊a,271862556
散华礼弥啊a,271862556,咄咄怪事,34549249
志铭在心,623687758,江雪摆大烂,375272436
江雪摆大烂,375272436,志铭在心,623687758
胖宅crazy,419253482,与阿比烤薄饼的黑猫,15983896
程小雨哒,1400744283,呦普利尼,493970
呦普利尼,493970,程小雨哒,1400744283
遗忘的笨猫,80885891,l何为人了l,441758684
逃避之神_,1169416806,香蕉猫保护协会会长,45530920
spas_KL_modic,1235614503,bili_71986401719,1267303791
bili_71986401719,1267303791,spas_KL_modic,1235614503
柯南君小同学,144752112,炸飞老猞猁,7592901
名字我没名字,1792110518,虚无xw_zichen,497067275
用爱_感化网友,504587952,卝轻语,17314754
用爱_感化网友,504587952,卝轻语,17314754
宇宙鑫xyz,1714044166,晓晓猪不跑,359758343
身上达到,350693429,非洲米粉,329403279
吃不吃洋葱,431216446,グオ羽生,498069711
皇上你也敢抓,476222558,智能牌腹股沟,422396322
切尔西永远是冠军,1040165964,小丫小泉哥,259383216
远离祝生罢,1846965220,十里坡剑侠客,687597064
库库林白夜丶,5810214,Sxxx_yy,544452667
died-秋叶,480158695,九尺二间zz,1260720803
玉目连珠,1609191711,Chers_amis,433742392
若无梦丶碎痕,694098101,Chers_amis,433742392
桃樱千里,381884162,igc123321,423534375
彼为谁彼乃谁,3493116864629166,igc123321,423534375
不抽象达芬奇,471270578,喵懿喵,39397534
辰悠哈,3493129529329785,会说话的猫mao,38118357
十二O-O,16374060,不说蟹蟹,1712780243
不-是-涩-批,282861523,叫我茶茶好了,291510099
芝士两个玩家,608480167,寒羽雪夜,376059282
洛杉矶究极风暴,348023254,鸳鸯锦被翻红浪,375249160
鸳鸯锦被翻红浪,375249160,洛杉矶究极风暴,348023254
sevvhfd,359108858,Director_K,471621032
机智的小森森,17816705,玛了巴子的小袄推车,487538036
圣诞jfggregbr,91799068,果断之张伯端下1,3494375529121861
卝轻语,17314754,是博博不是勃勃,1952241476
是博博不是勃勃,1952241476,卝轻语,17314754
bili_63730833305,2102459766,wait7冰,346656698
假面骑士demons,522275135,太爆莉了,3537105223420425
丰收的阿秋,1906760343,这个殇就是逊,525654062
楼台恍似游仙梦,3546559411129275,这个殇就是逊,525654062
这个殇就是逊,525654062,丰收的阿秋,1906760343
嬉瓜皮士饭得膘,479215339,反恐精英Misaka,548419322
何人晓我来,3493084551711451,反恐精英Misaka,548419322
小宣布的,486319046,沉默中沉没,702124235
红梅正开时,1111165115,芒草枯,2042888117
萌城枫尘lemon,382182488,是影落呐,1421947295
是影落呐,1421947295,萌城枫尘lemon,382182488
bili7852396541,19948209,崩崩小圆帽00,432196999
布达Alex,432306491,白白fcc,1343328121
脑袋空空叫什么捏,1820806421,地很堵我懒读碟,358363568
是我GioGio辣,406468189,王者杨无极,3461564761901413
念茶思飘香,284233821,下北泽网络男神呀呀呀,3493260018322169
bob052808,252236609,滑稽大战狗头,2024059519
滑稽大战狗头,2024059519,bob052808,252236609
风与花之片,11837858,天开神秀灬,62345215
所以为什么猫会下蛋,450141516,矩顶科技,476152657
中国分萨,1754858517,田教授,476921402
不想再说话了9敏,3537109159774506,汝汝不动_,439287725
汝汝不动_,439287725,不想再说话了9敏,3537109159774506
风哨子人帅不狗,11239023,泫煞,1709223578
灣歸,1063612665,风晴_Haru,3546575026522575
风晴_Haru,3546575026522575,灣歸,1063612665
l何为人了l,441758684,加碘食用盐la,347070465
加碘食用盐la,347070465,加碘食用盐la,347070465
我们都是好捧友,3494352663874452,欧门omen_,348746705
卖药翁,1838175144,妙啊秒啊,390286792
火火木星,11883093,嘿咻嘿咻芜湖,1382387641
守乐长吉,382611389,吖吖很开心i,1531333881
上仙故雪,3546613393918729,死宅怎么会有女朋友啊,495727873
死宅怎么会有女朋友啊,495727873,上仙故雪,3546613393918729
上仙故雪,3546613393918729,死宅怎么会有女朋友啊,495727873
今原香丶衣璃,41865725,上仙故雪,3546613393918729
--天枢贪狼--,505441429,这里是你的轩轩,106610970
蛇皮同学,99264674,kvovr,689522225
超级无敌陀螺王,326744858,蛇皮同学,99264674
超级无敌陀螺王,326744858,稀音厨一枚,1661639502
David薄荷巧克力,7991242,Sunday是只喵,3493113221875858
中国分萨,1754858517,CCCP_1922,1623678025
末路盎然,205918923,你也没有当真,315506311
改名居然需要6个硬币,446208328,你也没有当真,315506311
孔仙贝-恼,1969935638,你也没有当真,315506311
化纱成雾,1057786564,风弥华,3537116573206545
S風夏清空,178176163,bili_99200378594,690521325
京耶vivo50,517361161,bili_99200378594,690521325
失眠的幻墨布,67996765,B站带诗人琪琪,28131725
B站带诗人琪琪,28131725,失眠的幻墨布,67996765
失眠的幻墨布,67996765,B站带诗人琪琪,28131725
芦笋炒肉,1632640058,我不改了还我硬币,363567199
西璟-,670373460,笑叹万事转头空,472169903
逃避之神_,1169416806,小绵羊nnnnn,216971825
琉璃御米子,265952921,是hanson吗,37444760
琉璃御米子,265952921,是hanson吗,37444760
1-OW-1,483244494,丢丢_丢手绢,523283115
仔仔の高达爸比,4875807,被亵渎的灵魂,593671371
怀着梦想的打工人,370469626,人类的嘴角,291146350
棪朗,611197277,五条悟脑婆,694391143
鲨鱼与狮子,244898005,咄咄怪事,34549249
咄咄怪事,34549249,鲨鱼与狮子,244898005
德尔球,1495244402,滑稽的洲白君xs,524311731
滑稽的洲白君xs,524311731,德尔球,1495244402
别甜蜜给我推广告了,77450047,墨十三3,6344928
灯芯-FYZX,1144105801,立志成为社恐的社恐,3494372676995467
烛光萤雪,319355557,太合适了丶,11899021
鹤羽白燕,408653795,烛油no2,89619308
萤渊_梦梦米,315235317,久安想娶三玖,1905023596
萤渊_梦梦米,315235317,久安想娶三玖,1905023596
海克斯巴鲁,96637278,温酒Ron,74827607
墨飞城雪,1273441038,温酒Ron,74827607
剑气萧萧情脉脉,46066246,温酒Ron,74827607
田教授,476921402,是猛牛喔,536505101
是猛牛喔,536505101,田教授,476921402
ci绡,483770952,普里戈烬,3493086174906958
普里戈烬,3493086174906958,ci绡,483770952
dKGXT,1773559073,香蕉皮机构,290894089
香蕉皮机构,290894089,去木星旅行,386348453
去木星旅行,386348453,香蕉皮机构,290894089
怂上木格,1861905913,超赛布罗利全力,3546577075439662
杰基尔KOP,91428546,先辈sukisu,3546566533057234
志铭在心,623687758,江雪摆大烂,375272436
江雪摆大烂,375272436,志铭在心,623687758
胖宅crazy,419253482,与阿比烤薄饼的黑猫,15983896
程小雨哒,1400744283,呦普利尼,493970
呦普利尼,493970,程小雨哒,1400744283
b占小粉红,403660822,75986464,2072427933
FYM-PGAeUleeec,1628696800,哈喽cris,629785383
遗忘的笨猫,80885891,l何为人了l,441758684
逃避之神_,1169416806,香蕉猫保护协会会长,45530920
spas_KL_modic,1235614503,bili_71986401719,1267303791
bili_71986401719,1267303791,spas_KL_modic,1235614503
柯南君小同学,144752112,炸飞老猞猁,7592901
名字我没名字,1792110518,虚无xw_zichen,497067275
用爱_感化网友,504587952,卝轻语,17314754
用爱_感化网友,504587952,卝轻语,17314754
云星好想爱,481276547,鲸鱼xxx,45088483
琴德,1031873675,你我山峰自相逢_,446198413
性感攻击手呂七憂人,19449612,KDB猫咪,456976524
里森堡某私企员工,3493082211289276,七夜家的琥珀,9910943
Thranduil的密林情人,172292695,你我山峰自相逢_,446198413
起名字真难_,344884717,你我山峰自相逢_,446198413
大珂Bigkee,25894327,你我山峰自相逢_,446198413
阿melon_F,259449888,你我山峰自相逢_,446198413
文野_li,329415649,Hismaster_sVoice,447072858
混世茶祖,1766186139,一只无用的小虾米,314903953
萝卜的小妮子呐,61474904,一只无用的小虾米,314903953
吆西大左,38696516,萝卜的小妮子呐,61474904
丨七月飞絮丶丶,28729653,你我山峰自相逢_,446198413
鱼子酱的饭团,790139,你我山峰自相逢_,446198413
进化版iluo,2034023984,你我山峰自相逢_,446198413
Crystal_eyes,497265945,河蟹18888,474514914
鬼凝皇,321135396,河蟹18888,474514914
马歇尔计划TT,123672304,OKOK就酱,1716195584
烧灯续昼观风流,13870734,你我山峰自相逢_,446198413
akunii,286375774,你我山峰自相逢_,446198413
驻美大佐-里奥呦西,1168300775,我不会起名啊eee,296036847
Adieu-qc,437285675,希言守中,99081350
王天泷,517513432,小李爱吃果冻,232035664
七个黄昏与你,647612331,小羊你瓜掉啦,1417994215
OKOK就酱,1716195584,小羊你瓜掉啦,1417994215
王天泷,517513432,迷路大西瓜,1207067693
酒当快意饮易尽,81924240,念瑜,21417491
念瑜,21417491,酒当快意饮易尽,81924240
闲鱼不能摆烂,2026714287,丢丢ck,628571810
三人成禾,9963318,噬魂魔王在天,477757893
南晓柒de,107752839,Aparajitoo,383090840
非洲马的滑,120489546,啵酱不爱啵啵,441830147
枉抑枚孖,23530173,小moy,87758112
ShawSwag,85514833,阳光开朗の鼠鼠,327644173
ShawSwag,85514833,阳光开朗の鼠鼠,327644173
驻美大佐-里奥呦西,1168300775,影烧,259302620
不会压枪捏,508730534,Larry_169,471172612
奥古斯都李必达乌斯,347733516,黄昏之曰,529569868
抽象界goat,3537106976639296,可乐不续杯啊卢氏,599037145
抽象界goat,3537106976639296,可乐不续杯啊卢氏,599037145
yjfnet,176268115,yjfnet,176268115
鲜果的刘糖包,7721167,金金艺呦微,1602729964
小丑鱼sir,277949510,ShawSwag,85514833
非洲马的滑,120489546,风永不停息乄,389267272
北海之森,330037570,橡皮味的小草莓,2208631
啊haha哈哈,14844289,Ludwig_Bertrand,174933331
曼彻斯特联非官方,123183987,深井dark屠夫,20227615
To-space,509492943,阳光开朗の鼠鼠,327644173
yourBBA,401998987,阳光开朗の鼠鼠,327644173
核平使者a,349827442,阳光开朗の鼠鼠,327644173
RFfire,10962857,灯芯轴,698334606
图样丶,26115796,日下放歌参天古乔,14175455
图样丶,26115796,日下放歌参天古乔,14175455
图样丶,26115796,日下放歌参天古乔,14175455
不要推卸责任,30205442,Frankopan,302470149
万物不及白,1647838772,这原神一秒待不下,259654359
这原神一秒待不下,259654359,万物不及白,1647838772
可乐不续杯啊卢氏,599037145,狱不吃山楂,19728041
信者xy,318758306,阳光开朗の鼠鼠,327644173
萝卜的小妮子呐,61474904,圣光会怜悯你,401133190
圣光会怜悯你,401133190,萝卜的小妮子呐,61474904
萝卜的小妮子呐,61474904,圣光会怜悯你,401133190
羽生婴宁,167244722,黑衣萨满,316608603
君梦晨江凡,402259568,阳光开朗の鼠鼠,327644173
哄妻公,26433580,这个阿秀不太秀,102657752
这个阿秀不太秀,102657752,哄妻公,26433580
塔子哥tarik,109064950,不久夏日将逝,17410832
吼姆拉猫猫,3493260389517752,luciferhgl,86043961
luciferhgl,86043961,吼姆拉猫猫,3493260389517752
咸甜盐呀盐,632128520,dvrnn570,306080946
又香又甜的玉米,473717091,新一丶MMMMMM,208871872
justinshun,388321875,bili_42329208558,449525404
风安_,55378540,噬魂魔王在天,477757893
噬魂魔王在天,477757893,御坂15110,1821741961
御坂15110,1821741961,噬魂魔王在天,477757893
交响の诗篇,6096105,zeronwo,38539286
小虾Andy,478654319,zeronwo,38539286
諷_殇_,335084865,zeronwo,38539286
番茄炒蛋好吃捏,206760523,CR恰饭吗,675273673
番茄炒蛋好吃捏,206760523,CR恰饭吗,675273673
CR恰饭吗,675273673,番茄炒蛋好吃捏,206760523
CR恰饭吗,675273673,學偉蜀黍,2011895457
specialist666,3546375610435624,阳光开朗の鼠鼠,327644173
kkk564567,6436688,北方海峡,315277088
在惜命于,2129327187,whhns,25941656
樱花社会,1951039725,北海之森,330037570
樱花社会,1951039725,北海之森,330037570
j-贝林厄姆,259404177,阳光开朗の鼠鼠,327644173
你这么高速运转的机器,323060544,阳光开朗の鼠鼠,327644173
阿荣kokodayo,280620556,昵称已存在你别给我抖,76789042
阿荣kokodayo,280620556,昵称已存在你别给我抖,76789042
世杰蓝袭,396361672,阳光开朗の鼠鼠,327644173
啵崽的猫抓板,397466764,啵崽的猫抓板,397466764
啵崽的猫抓板,397466764,krmn1337,274641992
你-猜-呀,484722065,bili_55708410338,490913400
绘1世最忧的画,429556815,阳光开朗の鼠鼠,327644173
界人需用木板也,1233278591,何用哀伤付一生,435515577
南宁真ikun丶,9922484,Pleces,457033511
I_Casillas,1757039104,Pleces,457033511
长野原的夏祭女王,36849718,琼鬼,120241426
琼鬼,120241426,长野原的夏祭女王,36849718
LLA木子,7795206,哥布林哟西,3546624479464169
-澪葉-,14912931,记录游戏生活的小a,400848027
墨染亦尘,480393608,蜡笔没道理,432179906
蜡笔没道理,432179906,墨染亦尘,480393608
奥勒利安努斯,516664910,WULIWULLI,182098676
claphotel,6510264,WULIWULLI,182098676
00闲疯帝,630946034,溯涧灵月,160893672
执星绘梦人,184514794,溯涧灵月,160893672
T1V-S,10814348,筒隐月子小朋友,1797719
哉人,615418230,Paullo88,28282255
bill是个呆恶人,161696337,Paullo88,28282255
儁尐,114473918,鬼凝皇,321135396
鬼凝皇,321135396,儁尐,114473918
儁尐,114473918,鬼凝皇,321135396
超级大面包侠,407506649,电动滑板TV,3461562180307133
超级大面包侠,407506649,电动滑板TV,3461562180307133
黎明啊233,168758216,tinitini9,2085029
毕导vpn,522852201,LUFEEE_,23426133
若叶姬色同学,362986127,LUFEEE_,23426133
小白的-,123347147,凤凰苑凶魔,73495193
dctcjftr,3546379186080259,frimex,259519994
长野原的夏祭女王,36849718,levif_,399279199
长野原的夏祭女王,36849718,levif_,399279199
levif_,399279199,长野原的夏祭女王,36849718
奶油炖白菜ccccc,3494371798288756,陌上清风Legestre,78280932
f_ckb,3461580526192925,油头粉脸,107817071
I_Casillas,1757039104,油头粉脸,107817071
远征的猪,5709161,基督岛伯爵,3493095886817850
OKOK就酱,1716195584,夏末那天遇到你,398955185
果酱君1117,600252390,再見妳时,76560809
114514uR,3537121094667172,18岁只抽锐克,3494358472984591
郑一鸣7,276219574,纸两刀,490393713
郑一鸣7,276219574,纸两刀,490393713
郑一鸣7,276219574,纸两刀,490393713
摄氏66丶6度,76539110,蛤蛤大笑二号机,543263368
萝卜的小妮子呐,61474904,抹茶芝士炸丸子,5339016
抹茶芝士炸丸子,5339016,萝卜的小妮子呐,61474904
爱逗乳,85309694,里奥呦西爱JP,3546623204395369
25Valentine,169939337,富乐帮主,96545548
拿拿藕nhol,510968924,梦之队扬帆起航,1030386800
whhns,25941656,林则徐吟诗,29180627
林则徐吟诗,29180627,whhns,25941656
郑家小修言,25818080,你我山峰自相逢_,446198413
愛她就娶她,296996091,你我山峰自相逢_,446198413
长长的街道,502705526,陈巧倩师姐,597225110
长长的街道,502705526,陈巧倩师姐,597225110
TIXUS,436755551,云淡风轻王青松,361064343
noobwang,3461572101933058,粑粑好潇洒,24811255
禄嘢大咗,24840541,粑粑好潇洒,24811255
恋珊雨捏,1420596490,Lucca23,455422377
愛她就娶她,296996091,你我山峰自相逢_,446198413
奔跑吧蟹黄,3537118418701072,梅西艺术家,1421777352
丹棱老陈,605342504,曾有诗云,178934212
曾有诗云,178934212,丹棱老陈,605342504
特拉法尔加罗heart,1704706396,太阳当空照112233,495270586
雷都谈天说地,61217705,你我山峰自相逢_,446198413
荒吹,85923165,升暾光熠,31222896
R-D-G,2017166816,信心花舍____,443669825
荒吹,85923165,升暾光熠,31222896
ABC丶文哥,455776576,态鹑,454412217
ABC丶文哥,455776576,态鹑,454412217
态鹑,454412217,ABC丶文哥,455776576
风永不停息乄,389267272,大每老师,294727203
大每老师,294727203,御剑丶等风来,501497691
Naonpole,571418749,炒菜少放油0724,396676138
炒菜少放油0724,396676138,Naonpole,571418749
Measureit,347239550,哉人,615418230
不受欺负的翔太,390571976,精神内耗治好了二舅,167487122
不如闷声做慈善,1439375736,精神内耗治好了二舅,167487122
华盛顿头顶的蘑菇云,666711812,蜡笔没道理,432179906
哭夕笛尼,438532113,哉人,615418230
Flankki,1048279097,bili_45943953013,1727091938
麻袋最可爱,25339011,醉丶佳状态,2126637389
ZrCCrZZrCCrZ,487364261,时余Rain,1168421148
时余Rain,1168421148,ZrCCrZZrCCrZ,487364261
谢谢鬼姬,2002266333,蓝是天空色,701652358
qi_long_zi,2097862091,wuuraaa,102866609
牵丝傀儡岁月流,349115572,夜里总下雨TT,236120211
疾风黑鸟,23515666,日下放歌参天古乔,14175455
糖醋大森丸,5648792,gopads,474116275
gopads,474116275,糖醋大森丸,5648792
糖醋大森丸,5648792,gopads,474116275
飞翔的潘帕斯,50273154,轮子坏了,1543209250
是皮卡丘呀qq,1341256318,1854866,502818935
阿伟牢,305388715,快彻斯特联,375361048
时空枢纽旅行者,27917394,飞翔的lim,244163851
飞翔的lim,244163851,时空枢纽旅行者,27917394
提洛同盟,476832398,氘氚铀钚锂,669366550
BLAHAJ赛高,1648413,太阳山侠,1562874509
蓝是天空色,701652358,救救宋多多吧,85982298
tinitini9,2085029,一二一O,19373892
凌水糖尿病,162632440,tinitini9,2085029
一二一O,19373892,哇裤袜裤132,1137188612
bill是个呆恶人,161696337,契丹工业州抽象工作室,390139598
契丹工业州抽象工作室,390139598,哉人,615418230
想迈念迈,5011545,海定上岸内,486499950
海定上岸内,486499950,想迈念迈,5011545
梅花重伤倒地,289652091,界人需用木板也,1233278591
cinnickname,62797806,界人需用木板也,1233278591
cinnickname,62797806,界人需用木板也,1233278591
OPUS__,94515456,18岁只抽锐克,3494358472984591
z_qy123,379300662,足坛绅士,1078294352
网易阴阳师端游,410100763,MrXiaoTT,11961280
MrXiaoTT,11961280,网易阴阳师端游,410100763
真-第三年就,490905117,鳖与克拉克,482700781
鳖与克拉克,482700781,纸两刀,490393713
松鸦羽-半月,32065883,纸两刀,490393713
zlgxlz,53541168,两天,1535968
王左的末日,3546609455467361,花茶阿_,220110374
爱徒马凤盖,550019758,爱徒马凤盖,550019758
平川屋之手,345160191,whhns,25941656
莫妮不是卡,2005851298,bili_42329208558,449525404
抱走我的枫妹,442956963,站在世界巅峰之上,3493271600892506
恋珊雨捏,1420596490,陈小胖丶Ricky,10802931
我执纯白versus,668573741,八幡不是大老师,650546416
我执纯白versus,668573741,Miku叶,13141360
喜欢打激素的里奥哟西,255468889,JiGongAI,2652880
Hismaster_sVoice,447072858,嘿嘿嘿哈哈哈2024,3546614656404446
离远点看看就行了,3493081015912985,宋师加油努力,2978796
取个名字烦啊,23453752,起个名字老是重复啊,401185338
yzczgz,7194834,gfgcgjhghuvg,12238319
gfgcgjhghuvg,12238319,九幽空靈,2113904436
panzerleopard,550537707,16年开始的阿萨梅,582907693
bill是个呆恶人,161696337,虾怪1897,409890568
虾怪1897,409890568,芩苒,3493123105753551
自卫队上等兵哟西一郎,3546625051986745,scp特遣队员,549635703
你好秋田犬,202657718,風之龍將,95984364
風之龍將,95984364,你好秋田犬,202657718
死或生U,386897375,琼鬼,120241426
兔锅馅团子,153822264,起个名字老是重复啊,401185338
遠野恋です,504060966,伪善37,16940722
Onehook,326978476,kkk564567,6436688
Tw丶修罗,289248053,你吃猪了吗,191119957
夏天小可爱0102,2026185423,bestsweetpocky,480832384
hnxdx,356554507,最可爱的伊莉雅,29866268
真宙Masora,251301795,救救宋多多吧,85982298
救救宋多多吧,85982298,真宙Masora,251301795
洋葱0069,28323873,乙酰辅,3493078279129614
洋葱0069,28323873,洋葱0069,28323873
里奥呦西x,3494354377247597,19岁的梅小西,1525722061
只吃粥可不行,319468534,19岁的梅小西,1525722061
雨中冷水鱼,344748683,鼹鼠Mole_G,340460068
紫奇酉,435747163,人菜瘾大游戏狂,433909294
末影龙城250,470301950,独孤求跪,30521644
巴萨球迷怂过谁,347420202,Y_Pq,520329161
The-Goldmans,3493108081756700,时空枢纽旅行者,27917394
Similar_apk,480980810,邪魔的利刃,482363047
大海大大滴,3493136017918593,南美菱叶背螳,479093164
南美菱叶背螳,479093164,大海大大滴,3493136017918593
Ludwig_Bertrand,174933331,雾悠绮倾,441954655
雾悠绮倾,441954655,Ludwig_Bertrand,174933331
驻美大佐-里奥呦西,1168300775,wine_c,2078098330
學偉蜀黍,2011895457,CR恰饭吗,675273673
學偉蜀黍,2011895457,CR恰饭吗,675273673
CR恰饭吗,675273673,學偉蜀黍,2011895457
wiiefofn,26845961,bili_98059161344,617814582
哄妻公,26433580,西西洛夫,8686422
西西洛夫,8686422,哄妻公,26433580
哄妻公,26433580,西西洛夫,8686422
超时空甩尾Rei,9053339,磨平高山,1462156029
双面卍君王,1755596322,磨平高山,1462156029
苏锋露,470345753,cts0124,401125825
lllw落晚,98974805,图书管理员_古关忧,1377738294
图书管理员_古关忧,1377738294,lllw落晚,98974805
水源千_鹤,359031961,數三春,188678
水源千_鹤,359031961,牙神幻世录,29317500
數三春,188678,水源千_鹤,359031961
哄妻公,26433580,玉影山大王,1879005926
哄妻公,26433580,玉影山大王,1879005926
玉影山大王,1879005926,哄妻公,26433580
我该叫什么好呢哈哈哈,345067071,_望尽天涯路_,442254620
榕城的罗斯,500873585,Roblox航空测评,1544143398
西北风给你们辐报,381685065,被诅咒de猫啊,43818036
stars零,596901429,爱吃炸鸡啤酒的张老爷,676192975
子羲de,512673378,爱吃炸鸡啤酒的张老爷,676192975
一塌糊涂图,30731426,幻樱入酒_,630654119
这里是萨达萨达,57053596,入冬虫,108474918
tangyulingfeng,14203253,心诚则灵wow,398032618
露娜玛利亚_霍克,1942896547,温带浣熊的铁定锄,493315305
温带浣熊的铁定锄,493315305,露娜玛利亚_霍克,1942896547
鲤姐万岁,591972342,小猪快跑C0de,2879029
M_Perseus,85577864,小唧唧怪,480729373
秋宝快回来吧,1592867543,你无可取代,521813208
实习做饭家,1351982419,米线人丨,239278780
bili_3493086411885525,3493086411885525,keduya,12750037
小唧唧怪,480729373,yzhpb4,443004754
葛小伦q,259407287,yzhpb4,443004754
樱樱花SaMa,405824238,凌水糖尿病,162632440
野比大雄没有静香,14569569,夏末那天遇到你,398955185
野比大雄没有静香,14569569,夏末那天遇到你,398955185
Byu_子虚,345746936,两天,1535968
不惑灭世,4334874,深井dark屠夫,20227615
认真观察事物的何酮穴,3493088444025256,鳥語,37561440
_喂鱼猫,6414862,奔跑吧蟹黄,3537118418701072
情人UZI,352190282,哄妻公,26433580
我丢啊嘞嘞,631742654,哄妻公,26433580
bili_42329208558,449525404,vocatacitus,500757521
vocatacitus,500757521,bili_42329208558,449525404
vocatacitus,500757521,bili_42329208558,449525404
渡己-辛丑,493415465,泥在干什么鸭,244264279
-爱吃鱿鱼丝,105284860,DreamerVin,43680151
违规昵称33656,14059853,18岁只抽锐克,3494358472984591
浊酒荡尽烦愁,1917613168,灭火器各门店,239243973
别拽我的小尾巴_,339693791,灭火器各门店,239243973
补课达人爱学习,69795952,18岁只抽锐克,3494358472984591
CVnouy,453599921,哄妻公,26433580
kdjik,397817610,雪之夜mugi,698119851
信心花舍____,443669825,萤火于夜,316279290
OKOK就酱,1716195584,水刃STAR,143756893
执星绘梦人,184514794,水刃STAR,143756893
tinitini9,2085029,不能让人知道,283683996
信者xy,318758306,阳光开朗の鼠鼠,327644173
霓虹国の王里奥哟西,560252566,没胆坚持真理,295245538
zzzzzzlllllll217,508409202,ssr_AOA,492694945
AI干活我拿工资,13727204,KDB猫咪,456976524
南美菱叶背螳,479093164,潘帕斯小猪,90175437
梅团团和刘憨憨,1578951834,潘帕斯小猪,90175437
碗想向晚,322156079,w本尊w,425189355
恋珊雨捏,1420596490,阿狸狸窝头,673498049
陈年已矣,194162215,东方叶藏,356637778
南美菱叶背螳,479093164,东方叶藏,356637778
丨木-,352096669,奈文摩尔啊,174338843
小树飞翔,39794108,KDB猫咪,456976524
elilulu,1475648741,你我山峰自相逢_,446198413
阳光开朗の鼠鼠,327644173,阿宅要努力,29954919
骂我你拉不出屎ovo,7891478,青衣无处隐,498229052
可乐不续杯啊卢氏,599037145,骂我你拉不出屎ovo,7891478
wiiefofn,26845961,你我山峰自相逢_,446198413
冻秋梨子_梅阿咩版,13300893,你我山峰自相逢_,446198413
沢巜,31259190,北海之森,330037570
Yi-Chou,1955050881,你我山峰自相逢_,446198413
rtrg,443217047,三鲤鱼汤拌着面踩踩踩,26490693
GNOTNIXUO,393603975,黎滚滚,452218094
飓风号01,388130935,潘帕斯小猪,90175437
关你peaceeeeee,65348854,潘帕斯小猪,90175437
天使肇事者,254862881,你我山峰自相逢_,446198413
变态の螃蟹公,302274746,愛她就娶她,296996091
老虎丶金钟国,77025078,你我山峰自相逢_,446198413
愛她就娶她,296996091,你我山峰自相逢_,446198413
噬魂魔王在天,477757893,meixiaoxi,570485
meixiaoxi,570485,噬魂魔王在天,477757893
恋珊雨捏,1420596490,东南十七里,3461562910116366
地球和三明治,1563578949,nova365,1108196183
烧灯续昼观风流,13870734,nova365,1108196183
美丽这个词啊,1702471193,你我山峰自相逢_,446198413
bili_1190964627,1190964627,你我山峰自相逢_,446198413
关你peaceeeeee,65348854,梦之队扬帆起航,1030386800
南美菱叶背螳,479093164,起名字真的是难上加难,43882816
1米9其中1米8的长腿,40828891,水刃STAR,143756893
1米9其中1米8的长腿,40828891,水刃STAR,143756893
祖国富强1,3493257187167007,梦想与荣光,3546386270259200
鬼赐,406304523,重庆森林金城武,1018286560
不知名浩树,313702579,吉言猫总,1115271587
嘿-渣渣坤,22694768,吉言猫总,1115271587
郭家三胖,4366970,戒烟一定是要成功,43228028
言湫有莯,37736412,锡铁小兵,15727370
刀可特硬,457667839,大雪深埋,272051751
青春的独角戏,183896298,布拉巴拉拉,319111713
布拉巴拉拉,319111713,青春的独角戏,183896298
一只IKUN球,1847959901,爱玩pvz的小火豆,1969723212
感觉你只要,669069129,感觉你只要,669069129
里奥-_-哟西,352169856,酸橙味de风,1355479
神州赤鸡烧,499064239,酸橙味de风,1355479
椰鱼-,480659247,不止手游,1857318746
椰鱼-,480659247,不止手游,1857318746
阿拉斯加黄帽企鹅,327532395,PAR2021,1401181685
橪染,50441786,夏风辰星,1854934394
青城山下刘半仙天师,1242250408,夏风辰星,1854934394
張鏡禕Yeager,1699470426,SpiceIsland,17386168
UBCS-Seca,50362626,又双叒叕输的村长,349650059
八里河jh,3537104453765379,软博,3493089450658043
软博,3493089450658043,八里河jh,3537104453765379
别骂我我异域,272071722,因格斯,503752829
吸血鬼之神王,1132346199,因格斯,503752829
泳不符siu,3546567973800107,金指环银树枝,40809889
死狗狗_,10220093,沙洛特绍工作室official,46420026
黒骑士君,396823474,沙洛特绍工作室official,46420026
智子是我的,390898804,怀抱小鳄鱼,59855564
夏风辰星,1854934394,碧血真龙,201498189
夏风辰星,1854934394,不管了睡觉先__,258138262
yibolo,24723063,快乐的懒懒哥哥,185843890
Trion-l,3494369438992755,KissVivian,235209
AI都有八座金球,18480939,沙洛特绍工作室official,46420026
张小凡zsy,42812600,peekaboo31,23231861
peekaboo31,23231861,张小凡zsy,42812600
张小凡zsy,42812600,简爱simplelove,1524424089
野生闪光大熊猫,5422007,毛毛毛毛毛毛毛毛秀才,1165113936
jznannan,678976,Scarletao,18433
俺なんか,700240499,夏末那天遇到你,398955185
Sphere_Don,454054541,却有花影舞成双,451226443
summeryaoo,2387625,淦7777,438764898
狸不喜欢鱼,688403526,DGYZO,40195911
惩罚报复者,335761948,哀酱抱着安联的大熊,164092850
我莫嘚感情,14156629,圣剑三刀,434155561
圣剑三刀,434155561,不敢实名的渣渣们啊,41004263
永恒的辉夜,2072656153,X_zTyh桑,357728605
X_zTyh桑,357728605,极端悲观的小小苏,331353672
极端悲观的小小苏,331353672,X_zTyh桑,357728605
夏末那天遇到你,398955185,ksharpaa,282936944
神哿1440,311007683,hgtgggg,3493128191347265
AM486LiYa,90682086,hgtgggg,3493128191347265
黑塔被推单人,385592641,hgtgggg,3493128191347265
嘿真好玩,1248107001,皮皮虾搁浅,96282852
A苇萝桂夏氵晶晶,3537125796481487,皮皮虾搁浅,96282852
直接带隙半导体,38295129,胡萝卜王国,420808435
直接带隙半导体,38295129,胡萝卜王国,420808435
bili_36820016897,488410644,chengbao70,19849215
bili_8580489,8580489,Tsipporahyan,1401897056
夏末那天遇到你,398955185,nzdgp,30452506
nzdgp,30452506,夏末那天遇到你,398955185
JesseYSJ,38464441,皮几下很开心l,316815113
世界冠军梅西,322262972,mushsaya,111064003
Sheffield24,612649164,通惠河河童,478195547
喵内噶mio,352309247,摩西摩西moses,1339048423
夏末那天遇到你,398955185,梵高的白日梦,226448079
夏末那天遇到你,398955185,梵高的白日梦,226448079
輕輕子吟,696228,飞跃苍穹的你,349501681
被认错的生姜,19703899,飞跃苍穹的你,349501681
世界的半成品,549003522,尊重型理中客,60119827
尊重型理中客,60119827,世界的半成品,549003522
与虎谋屁,14070396,鬼凝皇,321135396
鬼凝皇,321135396,与虎谋屁,14070396
假白羊哟,390173003,神小驹,190665159
神小驹,190665159,晚烟v,454572411
nile9601,17334642,星空与我们,630189850
spawn888,329074233,冲丶浪,399931701
城南一巷醉烟雨,394275762,雄谋韵事与文心,391451579
雄谋韵事与文心,391451579,城南一巷醉烟雨,394275762
鹤鹭远,2095495,幸蒲pfm,388423603
银翼极光,451127429,半山腰的暴风雨,160336591
设定昵称真难,401941250,狗蛋帅得一匹,454636259
HarleyQuinze,402374743,你也可以变成光丶,7111133
出生122,233940059,你也可以变成光丶,7111133
梦四丶黑星,452758532,曦若无羲,443242225
慕岚秋玮,8996389,回廊0430,339366572
慕岚秋玮,8996389,回廊0430,339366572
yibolo,24723063,16年开始的阿萨梅,582907693
莱奥___,1416186092,却有花影舞成双,451226443
莱奥___,1416186092,却有花影舞成双,451226443
小橘winnie,345960738,哈克苏,13107277
东栋咚懂,233640623,伯纳乌的seven,522001122
伯纳乌的seven,522001122,东栋咚懂,233640623
八斤小跳蚤,1745116662,辰星满天星辰,436817980
朝田詩乃乃,387110722,尽管拉黑,241643219
jznannan,678976,yibolo,24723063
jznannan,678976,yibolo,24723063
嘿真好玩,1248107001,道道相同,1901925102
QwQ寒枫QwQ,1124192235,软博,3493089450658043
ipheae,4014983,一発の男,4412388
丗月巳,39711614,Tonelli,20891713
Tonelli,20891713,丗月巳,39711614
Tonelli,20891713,丗月巳,39711614
莓心没肺莓良心,503507071,Goodna好拿,3393640
丶不搭丶丶,245992411,李李李李ぃぃぃ,511544779
社会猫O00O,361855765,Gatoyperro,434836229
任天鼠DODO,28436089,Michayato,355813277
RaidenKnight,399893123,睁眼就是睡,291236763
睁眼就是睡,291236763,RaidenKnight,399893123
超级飞侠死于谋杀,401922305,JC汤圆桑,71828801
JC汤圆桑,71828801,超级飞侠死于谋杀,401922305
chengbao70,19849215,E3神教徒,609657646
菠萝剧叨叨_,33625497,Hahhhwyh,434223869
少女哥伦比娅现任男友,382402433,先做爷爷后当孙子,436555929
PAR2021,1401181685,先做爷爷后当孙子,436555929
騎瀦KAN日絡,8783082,罗伯特狗剩,13948232
Andrewhe29,325456234,罗伯特狗剩,13948232
你猜不到我是who,594816600,路痴的小卫,157077122
你猜不到我是who,594816600,路痴的小卫,157077122
平淡亦是一种不甘,395243337,勒沃库森掉链子,3461572466838173
夏末那天遇到你,398955185,dw肖恩,338236517
未来_一步步来了,82465718,城南一巷醉烟雨,394275762
城南一巷醉烟雨,394275762,iiiOVOIIIn,399222125
阿森纳戒赌禁赛版,1707116,梧星呀呀呀,175965411
FunwithAnimals,557658589,最爱鲤鱼姐,3461582965180800
MSN剩下m,401104526,浮笙一夢,281272678
浮笙一夢,281272678,MSN剩下m,401104526
美宴与铸造,97027005,_折剑听雨落丶,520238745
恐怖建筑设计,2111524291,B550Tei,31819155
B550Tei,31819155,恐怖建筑设计,2111524291
城南一巷醉烟雨,394275762,撑粤语,111179289
城南一巷醉烟雨,394275762,撑粤语,111179289
中土25仔,413775793,雪之夜mugi,698119851
雪之夜mugi,698119851,robberPessi,355701049
上古影像,3493093066148066,cvafzk356739,113010722
年来慢慢,272719391,Yui丨Permanent,18694822
Yui丨Permanent,18694822,夏末那天遇到你,398955185
夏末那天遇到你,398955185,Yui丨Permanent,18694822
饱饱星空糖,344757345,雅俗共赏的最佳歌手,3461578590522063
一个好污的人,14270813,hgtgggg,3493128191347265
timomr,279037515,生而为人却真的狗,30838239
周未yuuko,72904880,生而为人却真的狗,30838239
Michayato,355813277,湖畔的那一希,330087721
上古影像,3493093066148066,Gatoyperro,434836229
Gatoyperro,434836229,德国产剃须刀哦,139124705
justinshun,388321875,阿九是杀手,436064007
justinshun,388321875,客在南山,627854726
渡鸦羽翼,19818762,风吟124,1745338626
淦菇肉,435811603,44994477,272069023
X-Bond,5115593,Goodna好拿,3393640
鬼凝皇,321135396,颖颖匪盗,485460375
醉饮银剑,8326920,兰新pep,360384190
随机昵称e3VH1d,522385094,醉饮银剑,8326920
诺坎普的鸭,415281437,美宴与铸造,97027005
你怕是不会打csgo,351087981,九全阁主,47589826
北方海峡,315277088,お姉様御坂美琴,396956897
编织幻象,172574,北方海峡,315277088
啪砸因特,3493268297877645,夏风辰星,1854934394
光粒-official,650750337,啪砸因特,3493268297877645
夏风辰星,1854934394,枫丹电话亭,1275738910
飞翔的三纲五常,104539927,简洛悠,229110539
简洛悠,229110539,肆号电灯泡,436019566
iiiOVOIIIn,399222125,热爱足球的真祺怪,318740162
Trion-l,3494369438992755,热爱足球的真祺怪,318740162
我的瓜掉啦,1013777272,hwg晨曦,505613850
懒得-起名字了,499158898,我莫嘚感情,14156629
李梁长,405719237,艾地a,344880271
李梁长,405719237,艾地a,344880271
艾地a,344880271,李梁长,405719237
香香软软赛琳娜,356633925,jlliu007,383320498
香香软软赛琳娜,356633925,玄学之祖,628989468
玄学之祖,628989468,jlliu007,383320498
椰鱼-,480659247,不止手游,1857318746
椰鱼-,480659247,不止手游,1857318746
阿拉斯加黄帽企鹅,327532395,PAR2021,1401181685
橪染,50441786,夏风辰星,1854934394
青城山下刘半仙天师,1242250408,夏风辰星,1854934394
張鏡禕Yeager,1699470426,SpiceIsland,17386168
UBCS-Seca,50362626,又双叒叕输的村长,349650059
八里河jh,3537104453765379,软博,3493089450658043
软博,3493089450658043,八里河jh,3537104453765379
别骂我我异域,272071722,因格斯,503752829
吸血鬼之神王,1132346199,因格斯,503752829
因格斯,503752829,吸血鬼之神王,1132346199
泳不符siu,3546567973800107,金指环银树枝,40809889
死狗狗_,10220093,沙洛特绍工作室official,46420026
黒骑士君,396823474,沙洛特绍工作室official,46420026
智子是我的,390898804,怀抱小鳄鱼,59855564
夏风辰星,1854934394,不管了睡觉先__,258138262
不管了睡觉先__,258138262,夏风辰星,1854934394
yibolo,24723063,快乐的懒懒哥哥,185843890
Trion-l,3494369438992755,KissVivian,235209
握不住的小马,287296989,sai3173,328290846
AI都有八座金球,18480939,沙洛特绍工作室official,46420026
peekaboo31,23231861,张小凡zsy,42812600
张小凡zsy,42812600,peekaboo31,23231861
永恒的辉夜,2072656153,X_zTyh桑,357728605
X_zTyh桑,357728605,极端悲观的小小苏,331353672
极端悲观的小小苏,331353672,X_zTyh桑,357728605
夏末那天遇到你,398955185,ksharpaa,282936944
梦阳侯,435243839,夏末那天遇到你,398955185
神哿1440,311007683,hgtgggg,3493128191347265
AM486LiYa,90682086,hgtgggg,3493128191347265
黑塔被推单人,385592641,hgtgggg,3493128191347265
嘿真好玩,1248107001,皮皮虾搁浅,96282852
A苇萝桂夏氵晶晶,3537125796481487,皮皮虾搁浅,96282852
直接带隙半导体,38295129,胡萝卜王国,420808435
直接带隙半导体,38295129,胡萝卜王国,420808435
bili_36820016897,488410644,chengbao70,19849215
bili_8580489,8580489,Tsipporahyan,1401897056
夏末那天遇到你,398955185,nzdgp,30452506
Goodna好拿,3393640,夏风辰星,1854934394
JesseYSJ,38464441,皮几下很开心l,316815113
世界冠军梅西,322262972,mushsaya,111064003
Sheffield24,612649164,通惠河河童,478195547
喵内噶mio,352309247,摩西摩西moses,1339048423
梵高的白日梦,226448079,夏末那天遇到你,398955185
夏末那天遇到你,398955185,梵高的白日梦,226448079
輕輕子吟,696228,飞跃苍穹的你,349501681
被认错的生姜,19703899,飞跃苍穹的你,349501681
尊重型理中客,60119827,世界的半成品,549003522
与虎谋屁,14070396,鬼凝皇,321135396
鬼凝皇,321135396,与虎谋屁,14070396
假白羊哟,390173003,神小驹,190665159
神小驹,190665159,晚烟v,454572411
nile9601,17334642,星空与我们,630189850
spawn888,329074233,冲丶浪,399931701
城南一巷醉烟雨,394275762,雄谋韵事与文心,391451579
雄谋韵事与文心,391451579,城南一巷醉烟雨,394275762
鹤鹭远,2095495,幸蒲pfm,388423603
银翼极光,451127429,半山腰的暴风雨,160336591
设定昵称真难,401941250,狗蛋帅得一匹,454636259
出生122,233940059,你也可以变成光丶,7111133
HarleyQuinze,402374743,你也可以变成光丶,7111133
小鱼说不飞,490053931,城南一巷醉烟雨,394275762
简单的时间段,1277885602,罗伯特狗剩,13948232
慕岚秋玮,8996389,回廊0430,339366572
yibolo,24723063,16年开始的阿萨梅,582907693
莱奥___,1416186092,却有花影舞成双,451226443
莱奥___,1416186092,却有花影舞成双,451226443
小橘winnie,345960738,哈克苏,13107277
东栋咚懂,233640623,伯纳乌的seven,522001122
伯纳乌的seven,522001122,东栋咚懂,233640623
朝田詩乃乃,387110722,尽管拉黑,241643219
jznannan,678976,yibolo,24723063
jznannan,678976,yibolo,24723063
嘿真好玩,1248107001,道道相同,1901925102
QwQ寒枫QwQ,1124192235,软博,3493089450658043
ipheae,4014983,一発の男,4412388
丗月巳,39711614,Tonelli,20891713
Tonelli,20891713,丗月巳,39711614
Tonelli,20891713,丗月巳,39711614
莓心没肺莓良心,503507071,Goodna好拿,3393640
李李李李ぃぃぃ,511544779,丶不搭丶丶,245992411
16年开始的阿萨梅,582907693,冰箱上蹭蹭土的凑猫,28544637
RaidenKnight,399893123,睁眼就是睡,291236763
睁眼就是睡,291236763,RaidenKnight,399893123
JC汤圆桑,71828801,我是felixlau,88062283
JC汤圆桑,71828801,超级飞侠死于谋杀,401922305
chengbao70,19849215,E3神教徒,609657646
菠萝剧叨叨_,33625497,Hahhhwyh,434223869
少女哥伦比娅现任男友,382402433,先做爷爷后当孙子,436555929
PAR2021,1401181685,先做爷爷后当孙子,436555929
騎瀦KAN日絡,8783082,罗伯特狗剩,13948232
Andrewhe29,325456234,罗伯特狗剩,13948232
你猜不到我是who,594816600,路痴的小卫,157077122
你猜不到我是who,594816600,路痴的小卫,157077122
平淡亦是一种不甘,395243337,勒沃库森掉链子,3461572466838173
六阳生,406232721,梅比乌斯V,1715325546
拉上拉下不拉西,94879137,差不多_冬至,648292724
嘿真好玩,1248107001,Scarletao,18433
有一只游客,18186912,爱看少女漫的大叔,19161316
夏末那天遇到你,398955185,dw肖恩,338236517
未来_一步步来了,82465718,城南一巷醉烟雨,394275762
iiiOVOIIIn,399222125,城南一巷醉烟雨,394275762
阿森纳戒赌禁赛版,1707116,梧星呀呀呀,175965411
FunwithAnimals,557658589,林林俊杰杰,407297083
ggchild,362211203,一个随机生成的昵称呢,2087226229
小琪丷,12222934,飞跃苍穹的你,349501681
MSN剩下m,401104526,浮笙一夢,281272678
MSN剩下m,401104526,浮笙一夢,281272678
美宴与铸造,97027005,_折剑听雨落丶,520238745
恐怖建筑设计,2111524291,B550Tei,31819155
B550Tei,31819155,恐怖建筑设计,2111524291
城南一巷醉烟雨,394275762,撑粤语,111179289
城南一巷醉烟雨,394275762,撑粤语,111179289
中土25仔,413775793,雪之夜mugi,698119851
雪之夜mugi,698119851,robberPessi,355701049
上古影像,3493093066148066,cvafzk356739,113010722
年来慢慢,272719391,Yui丨Permanent,18694822
Yui丨Permanent,18694822,夏末那天遇到你,398955185
夏末那天遇到你,398955185,Yui丨Permanent,18694822
饱饱星空糖,344757345,雅俗共赏的最佳歌手,3461578590522063
一个好污的人,14270813,hgtgggg,3493128191347265
timomr,279037515,生而为人却真的狗,30838239
周未yuuko,72904880,生而为人却真的狗,30838239
Michayato,355813277,湖畔的那一希,330087721
上古影像,3493093066148066,Gatoyperro,434836229
Gatoyperro,434836229,德国产剃须刀哦,139124705
客在南山,627854726,justinshun,388321875
渡鸦羽翼,19818762,风吟124,1745338626
淦菇肉,435811603,44994477,272069023
X-Bond,5115593,Goodna好拿,3393640
握不住的小马,287296989,哀酱抱着安联的大熊,164092850
立華奏的老公,44280612,海川枯枝,1231420396
高耳鸡,6806936,曦若无羲,443242225
高耳鸡,6806936,曦若无羲,443242225
曦若无羲,443242225,高耳鸡,6806936
文童啊,1955035232,城南一巷醉烟雨,394275762
iiiOVOIIIn,399222125,城南一巷醉烟雨,394275762
矮矮的柑子,438680070,斯斯咩,171305916
糊先生啊,39166708,Kihilop,438411405
左眼天堂wow,254664025,小白兔不怕脏,13506596
左眼天堂wow,254664025,qfbgcjb,354737574
鬼凝皇,321135396,颖颖匪盗,485460375
